sequence,species
GCTCCACGCCAGCGAGCCGGGCTTCTTACCCATTTAAAGTTTGAGAATAGGTTGAGATCGTTTCGGCCCCAAGACCTCTAATCATTCGCTTTACCGGATAAAACTGCGTGGCGGGGGTGCGTCGGGTCTGCGAGAGCGCCAGCTATCCTGA,Salmo_salar
CGTCAGGACCGCTACGGACCTCCACCAGAGTTTCCTCTGGCTTCGCCCTGCCCAGGCATAGTTCACCATCTTTCGGGTCCTAACACGTGCGCTCGTGCTCCACCTCCCCGGCGCGGCGGGCGAGACGGGCCGGTGGTGCGCCCTCGGCGGA,Salmo_salar
ATTCCTAGCTGCGGTATCCAGGCGGCTCGGGCCTGCTTTGAACACTCTAATTTTTTCAAAGTAAACGCTTCGGGCCCCGCGGGACACTCAGCTAAGAGCATCGAGGGGGCGCCGAGAGGCAAGGGGCGGGGACGGGCGGTGGCTCGCCTCG,Salmo_salar
GCTTTGAACACTCTAATTTTTTCAAAGTAAACGCTTCGGGCCCCGCGGGACACTCAGCTAAGAGCATCGAGGGGGCGCCGAGAGGCAAGGGGCGGGGACGGGCGGTGGCTCGCCTCGCGGCGGACCGCCCGCCCGCTCCCAAGATCCAA,Esox_lucius
CTTCTTACCCATTTAAAGTTTGAGAATAGGTTGAGATCGTTTCGGCCCCAAGACCTCTAATCATTCGCTTTACCGGATAAAACTGCGTGGCGGGGGTGCGTCGGGTCTGCGAGAGCGCCAGCTATCCTGAGGGAAACTTCGGAGGGAACCA,Salmo_salar
GCGCACCACCGGCCCGTCTCGCCCGCCGCGCCGGGGAGGTGGAGCACGAGCGCACGTGTTAGGACCCGAAAGATGGTGAACTATGCCTGGGCAGGGCGAAGCCAGAGGAAACTCTGGTGGAGGTCCGTAGCGGTCCTGACGTGCAAATCGG,Salmo_salar
GTTTGAGAATAGGTTGAGATCGTTTCGGCCCCAAGACCTCTAATCATTCGCTTTACCGGATAAAACTGCGTGGCGGGGGTGCGTCGGGTCTGCGAGAGCGCCAGCTATCCTGAGGGAAACTTCGGAGGGAACCAGCTACTAGATGGTTCGA,Salmo_salar
GGATATGGGTACGGCCCGGCGCGAGATTTACACCCTCTCCCCCGGATTTTCAAGGGCCAGCGAGAGCTCACCGGACGCCGCCGGAACCGCGACGCTTTCCAAGGCACGGGCCCCTCTCTCGGGGCGAACCCATTCCAGGGCGCCCTGCC,Esox_lucius
CGTGCCGGTATTTAGCCTTAGATGGAGTTTACCACCCGCTTTGGGCTGCATTCCCAAGCAACCCGACTCCGGGAAGACCCGGGCCCGGCGCGCCGGGGGCCGCCACCGGCCTCACACCGTCCACGGGCTGGGCCTCGATCAGAAGGACTTG,Esox_lucius
GTGCCAAGCTCGTCGCCTAAGTCAAATGACTTTAGATCGGCGCCGTAACTATGGCCACCAGCTCCTTTATTACCGTTCTTACGAAGAAGAACCTTGCGGTAAGCCACTGGTATTTCGCCCACATGAGGGACAAGGACACCAAGTGTCTCA,Anguilla_anguilla
GTGCCAAGCTCGTCGCCTAAGTCAAATGACTTTAGATCGGCGCCGTAACTATGGCCACCAGCTCCTTTATTACCGTTCTTACGAAGAAGAACCTTGCGGTAAGCCACTGGTATTTCGCCCACATGAGGGACAAGGACACCAAGTGTCTCA,Anguilla_anguilla
GTGCCAAGCTCGTCGCCTAAGTCAAATGACTTTAGATCGGCGCCGTAACTATGGCCACCAGCTCCTTTATTACCGTTCTTACGAAGAAGAACCTTGCGGTAAGCCACTGGTATTTCGCCCACATGAGGGACAAGGACACCAAGTGTCTCA,Anguilla_anguilla
GTGCCAAGCTCGTCGCCTAAGTCAAATGACTTTAGATCGGCGCCGTAACTATGGCCACCAGCTCCTTTATTACCGTTCTTACGAAGAAGAACCTTGCGGTAAGCCACTGGTATTTCGCCCACATGAGGGACAAGGACACCAAGTGTCTCA,Anguilla_anguilla
GTGCCAAGCTCGTCGCCTAAGTCAAATGACTTTAGATCGGCGCCGTAACTATGGCCACCAGCTCCTTTATTACCGTTCTTACGAAGAAGAACCTTGCGGTAAGCCACTGGTATTTCGCCCACATGAGGGACAAGGACACCAAGTGTCTCA,Anguilla_anguilla
GCCCTGCCCTTCACAAAGAAAAGAGAACTCTCCCCGGGGCTCCCGCCGGCTTCTCCGGGATCGGTCGCGTTACCGCACTGGACGCCTCGCGGCGCCCATCTCCGCCACTCCGGATTCGGGGATCTGAACCCGACTCCCTTTCGATCGGCCG,Salmo_salar
CTTTTGTATTCCCTGCCATAATCCATGGGCCTGGCACAGAGTAGGTGCTCAATAAAGTGTGTTGGTTGCATCAGCAACACTAGATTTGATCTGCTATGATTTTTCATCTTAATTTGCATGAAAATGACAGAGATGCAGACACTCACCATCG,Pseudomonas_sp
GCCATAATCCATGGGCCTGGCACAGAGTAGGTGCTCAATAAAGTGTGTTGGTTGCATCAGCAACACTAGATTTGATCTGCTATGATTTTTCATCTTAATTTGCATGAAAATGACAGAGATGCAGACACTCACCATCGACTGGTATCATTGA,Pseudomonas_sp
GCCATAATCCATGGGCCTGGCACAGAGTAGGTGCTCAATAAAGTGTGTTGGTTGCATCAGCAACACTAGATTTGATCTGCTATGATTTTTCATCTTAATTTGCATGAAAATGACAGAGATGCAGACACTCACCATCGACTGGTATCATTGA,Pseudomonas_sp
GCCATAATCCATGGGCCTGGCACAGAGTAGGTGCTCAATAAAGTGTGTTGGTTGCATCAGCAACACTAGATTTGATCTGCTATGATTTTTCATCTTAATTTGCATGAAAATGACAGAGATGCAGACACTCACCATCGACTGGTATCATTGA,Pseudomonas_sp
GCCATAATCCATGGGCCTGGCACAGAGTAGGTGCTCAATAAAGTGTGTTGGTTGCATCAGCAACACTAGATTTGATCTGCTATGATTTTTCATCTTAATTTGCATGAAAATGACAGAGATGCAGACACTCACCATCGACTGGTATCATTGA,Pseudomonas_sp
TTTTTATCTCTTTTGTATTCCCTGCCATAATCCATGGGCCTGGCACAGAGTAGGTGCTCAATAAAGTGTGTTGGTTGCATCAGCAACACTAGATTTGATCTGCTATGATTTTTCATCTTAATTTGCATGAAAATGACAGAGATGCAGACA,Pseudomonas_fluorescens
TTTTTATCTCTTTTGTATTCCCTGCCATAATCCATGGGCCTGGCACAGAGTAGGTGCTCAATAAAGTGTGTTGGTTGCATCAGCAACACTAGATTTGATCTGCTATGATTTTTCATCTTAATTTGCATGAAAATGACAGAGATGCAGACA,Pseudomonas_fluorescens
GCCATAATCCATGGGCCTGGCACAGAGTAGGTGCTCAATAAAGTGTGTTGGTTGCATCAGCAACACTAGATTTGATCTGCTATGATTTTTCATCTTAATTTGCATGAAAATGACAGAGATGCAGACACTCACCATCGACTGGTATCATTG,Pseudomonas_sp
TTTGTATTCCCTGCCATAATCCATGGGCCTGGCACAGAGTAGGTGCTCAATAAAGTGTGTTGGTTGCATCAGCAACACTAGATTTGATCTGCTATGATTTTTCATCTTAATTTGCATGAAAATGACAGAGATGCAGACACTCACCATCGA,Pseudomonas_sp
ATCCATGGGCCTGGCACAGAGTAGGTGCTCAATAAAGTGTGTTGGTTGCATCAGCAACACTAGATTTGATCTGCTATGATTTTTCATCTTAATTTGCATGAAAATGACAGAGATGCAGACACTCACCATCGACTGGTATCATTGACTGA,Pseudomonas_sp
TGGTGAGTGTCTGCATCTCTGTCATTTTCATGCAAATTAAGATGAAAAATCATAGCAGATCAAATCTAGTGTTGCTGATGCAACCAACACACTTTATTGAGCACCTACTCTGTGCCAGGCCCATGGATTATGGCAGGGAATACGAAAGAGA,Vibrio_sp
GCCATAATCCATGGGCCTGGCACAGAGTAGGTGCTCAATAAAGTGTGTTGGTTGCATCAGCAACACTAGATTTGATCTGCTATGATTTTTCATCTTAATTTGCATGAAAATGACAGAGATGCAGAC,Pseudomonas_sp
TACCAGTCGATGGTGAGTGTCTGCATCTCTGTCATTTTCATGCAAATTAAGATGAAAAATCATAGCAGATCAAATCTAGTGTTGCTGATGCAACCAACACACTTTATTGAGCACCTACTCTGTGCCAGGCCCATGGATTATGGCAGGGAAT,Vibrio_sp
GAATATAAGCTCTCTGAAGGAAGACATTTTTATCTCTTTTGTATTCCCTGCCATAATCCATGGGCCTGGCACAGAGTAGGTGCTCAATAAAGTGTGTTGGTTGCATCAGCAACACTAGATTTGATCTGCTATGATTTTTCATCTTAATTTG,Pseudomonas_aeruginosa
GTGTCTGCATCTCTGTCATTTTCATGCAAATTAAGATGAAAAATCATAGCAGATCAAATCTAGTGTTGCTGATGCAACCAACACACTTTATTGAGCACCTACTCTGTGCCAGGCCCATGGATTATGGCAGGGAATACAAAAGAGATAAAAA,Vibrio_sp
GGAGTAGAATGGAATGGAATGGAATGGAATCAACTCGATTGCAATCGAATGGAATGGAATGGAATTAACCCGAATAGAATGGAATGGAATGGAATGGAATGGAACGGAATGGAATGGAATGGAATGGAATGGAATGCAACGGAACGGAACG,Unknown_2
GGAATGGAATGGAATGGAATGGAATGGAACGGAAAGGAATGGAATGGAATGGAATGGAATGGAATGGAATGGAATCAAAGCATGTGCAGGGGAATGGAATGGAATGGAATGAAATGCAATGGATTCTACTCGATTGCAATGGAATTGAATG,Unknown_2
GGTACCGAATGGAATGGAATGTTACAGAACGGAATGGAATGGAATGGAATGGAATGGAATGGAATGGAATGGAATTAACGCGAGTGCAGGGGAATGGAATGGAATCGAATGGAATGGAATGGAATGGAATGGAATCAACCCGAGTGCAGGG,Unknown_2
ATACAATGGAATGGAATGGAATGGAACGGAATGGAGTGGAATGGAATGGAATCAACCCGAGTGCAGGGGAATGGAATGGAATGGAATGCAATGCAATGGAATCATCCGGAATGGAATGGAATGGAATGGAATGCAAAGCAATGGAATCAA,Unknown_2
GGAATGCAATGGAATGGAATGGAATGGAATCAACCCGAGTGCAATGGAATGGAGTGAAATGGAATGGAATGGAATGGAAACAACCAGAATGGATTGGAATATAATGGAGTGTAAGGGAATTGAATAGAATCAATCCGAATGTAATGGAATG,Unknown_2
GATTCAACTCGATTGCAATGGAATGGAGTGGAATGGAATGGAATGGAATGGAAACTACCGAAATGGAATGGAATGTAATGGAGTGAAGGGAATTGAATAGAATCAATCCTAATGTAATGGAATGGAATGGGACGGAATGGAATGGAATGGA,Unknown_2
GAGTAAGGGAGTTGAATAGAATCAATCCGAATGTAATGGAATGGAATGGAACGGAATGGAATTGAATGGAATGTAATGGAATGCAATGGAATGGAATCAACCCGAGTGCAATGGAATGGAGAGGAATGGAATGGAATGCAACGGAACGGAA,Unknown_2
GCAATGGAATGGAATCTTCCGGAATGCAATGAAATGGAATTGAATGGAATGGAATGGAATAGAATAAACCCGAGTGCAATGGAATGGAGTGGAATGGAATGGAATGGAATGGAAGAACCCGAATGGAATGGAATGTAATGGAGAGTAAGGG,Unknown_2
GGAATGGAATCAACCCGACTGTAGGGGAATGTAATGGAACTGAATGCAATGGAATGGAATCATCCGGAATGGAATGGAATGGAATGGAATGGAACCGAACGGAACGGAATGGAATGGAATGGAATCGACCCGAGTGCAGGGGAATGGAATG,Unknown_2
GAATAGAATGGTATTGAATCAACCCGAGTGGAATGGAATGGAATGGAATGGAATGGAATGAAATTGAATGGAATGGAATGGAATAAAC,Unknown_2
GTACAATGGAATGGAATGCAATGGATTGGAATGGAATGGAATCAACTCGAGTGGAAAGGAATGGAATGGAAAGGAAAGGAATGGAATGAAGTCAATTCGAGTGGAATGGAATGGAATGGAATGGATTGGAATGGATTGCAATGGAATGAAA,Unknown_2
GAACAAAATGGAATGGAATGGAATCGAATGGAATGGAATATACTCGAATATAAAGGACTGGAATGGAATGTACTTGAATGAAATGGACTTGAATGAAAAGGATTTGTATGGAATGCACTCAAATGGAATGGAAT,Unknown_2
ATGGAATGGAATGGAATGGAACGGAATGGCGCGGAACGGAATGGAATTGAGTGGAATGGAATCAACGCAATTGGAAAGGAGTGGAATGGAATTGCATGGACTCAAATGTTATGGAATCAAAGGGAATGGACTCAAATAGAATGGACTCAAA,Unknown_2
ATTAATTGGAATGGAAAGGAAAGCAATGGATTGAAATGGAAGGGAATGGAATGGAAAGGAATCACACCGAGTGGAATAGAATGGCATGGAATGGAATGTAATCAACCAGAGTGGAATGGAATGGAATGGAATTGAAAGGAAAGGAATAGAA,Unknown_2
GGAATGGAATCATCGCATAGAATCGAATGGAATTATCATCGATTGGAATCGAATGGTATCAACATCAAACGGAAAAAAACGGAATTATGGAATGGAATCGAAGAGAATCTTCGAACGGACTCGAATGGAATCATCTAATGGAATGGAATGG,Unknown_2
CTTATGTCCTCTTCATGAGGGAAAAGGCTGGGAGGGCACAAATTATTCCCTTTCCCCTGTGCCCTAGCTCCATAAAGAGGCTCAGCTCAAACCTCAAATGCAGCAGGGCCGATAGTAGTCTTACCTGCTGACATTTCTGCCATGAGGGGA,Escherichia_coli
CTTATGTCCTCTTCATGAGGGAAAAGGCTGGGAGGGCACAAATTATTCCCTTTCCCCTGTGCCCTAGCTCCATAAAGAGGCTCAGCTCAAACCTCAAATGCAGCAGGGCCGATAGTAGTCTTACCTGCTGACATTTCTGCCATGAGGGGA,Escherichia_coli
CCCTTTCCCCTGTGCCCTAGCTCCATAAAGAGGCTCAGCTCAAACCTCAAATGCAGCAGGGCCGATAGTAGTCTTACCTGCTGACATTTCTGCCATGAGGGGACTTGCTGCTTTCACTGATGAGAGCTTCTTCTCAGCTCCTGGGACCTC,Escherichia_coli
CCCTTTCCCCTGTGCCCTAGCTCCATAAAGAGGCTCAGCTCAAACCTCAAATGCAGCAGGGCCGATAGTAGTCTTACCTGCTGACATTTCTGCCATGAGGGGACTTGCTGCTTTCACTGATGAGAGCTTCTTCTCAGCTCCTGGGACCTC,Escherichia_coli
CCCTTATGTCCTCTTCATGAGGGAAAAGGCTGGGAGGGCACAAATTATTCCCTTTCCCCTGTGCCCTAGCTCCATAAAGAGGCTCAGCTCAAACCTCAAATGCAGCAGGGCCGATAGTAGTCTTACCTGCTGACATTTCTGCCATGAGGGG,Escherichia_coli
TCTTATCCCCTTATGTCCTCTTCATGAGGGAAAAGGCTGGGAGGGCACAAATTATTCCCTTTCCCCTGTGCCCTAGCTCCATAAAGAGGCTCAGCTCAAACCTCAAATGCAGCAGGGCCGATAGTAGTCTTACCTGCTGACATTTCTGCCA,Bacillus_sp
CCTTTCCCCTGTGCCCTAGCTCCATAAAGAGGCTCAGCTCAAACCTCAAATGCAGCAGGGCCGATAGTAGTCTTACCTGCTGACATTTCTGCCATGAGGGGACTTGCTGCTTTCACTGATGAGAGCTTCTTCTCAGCTCCTGGGACCTCCA,Escherichia_coli
ATTATTCCCTTTCCCCTGTGCCCTAGCTCCATAAAGAGGCTCAGCTCAAACCTCAAATGCAGCAGGGCCGATAGTAGTCTTACCTGCTGACATTTCTGCCATGAGGGGACTTGCTGCTTTCACTGATGAGAGCTTCTTCTCAGCTCCTGGG,Escherichia_coli
CTCTTCATGAGGGAAAAGGCTGGGAGGGCACAAATTATTCCCTTTCCCCTGTGCCCTAGCTCCATAAAGAGGCTCAGCTCAAACCTCAAATGCAGCAGGGCCGATAGTAGTCTTACCTGCTGACATTTCTGCCATGAGGGGACTTGCTG,Escherichia_coli
GGCTGGGAGGGCACAAATTATTCCCTTTCCCCTGTGCCCTAGCTCCATAAAGAGGCTCAGCTCAAACCTCAAATGCAGCAGGGCCGATAGTAGTCTTACCTGCTGACATTTCTGCCATGAGGGGACTTGCTGCTTTCACTGATGAGAGCTT,Bacillus_sp
GACCTTACCTCTTATCCCCTTATGTCCTCTTCATGAGGGAAAAGGCTGGGAGGGCACAAATTATTCCCTTTCCCCTGTGCCCTAGCTCCATAAAGAGGCTCAGCTCAAACCTCAAATGCAGCAGGGCCGATAGTAGTCTTACCTGCTGACA,Escherichia_coli
CCTTACCTCTTATCCCCTTATGTCCTCTTCATGAGGGAAAAGGCTGGGAGGGCACAAATTATTCCCTTTCCCCTGTGCCCTAGCTCCATAAAGAGGCTCAGCTCAAACCTCAAATGCAGCAGGGCCGATAGTAGTCTTACCTGCTGACATT,Escherichia_coli
CCTTACCTCTTATCCCCTTATGTCCTCTTCATGAGGGAAAAGGCTGGGAGGGCACAAATTATTCCCTTTCCCCTGTGCCCTAGCTCCATAAAGAGGCTCAGCTCAAACCTCAAATGCAGCAGGGCCGATAGTAGTCTTACCTGCTGACATT,Escherichia_coli
GGAAAAGGCTGGGAGGGCACAAATTATTCCCTTTCCCCTGTGCCCTAGCTCCATAAAGAGGCTCAGCTCAAACCTCAAATGCAGCAGGGCCGATAGTAGTCTTACCTGCTGACATTTCTGCCATGAGGGGACTTGCTGCTTTCACTGATGA,Bacillus_sp
CCCTAGCTCCATAAAGAGGCTCAGCTCAAACCTCAAATGCAGCAGGGCCGATAGTAGTCTTACCTGCTGACATTTCTGCCATGAGGGGACTTGCTGCTTTCACTGATGAGAGCTTCTTCTCAGCTCCTGGGACCTCCACAGTGCACCTGG,Escherichia_coli
ATTCAAGTCCATTACATTTGGTTCAATTCCATTCCATTCCATTCCCTTCCATTCCTTTCCACTTGATATCAATCCATTCGATTCCATTCCATTCGTGCACATTCCATTCCAGTCCATTCCATTCGATGCCATTCCATTTGATTCTATTCCA,Chlorella_vulgaris
ATTCCATTCCATTCGATTCCATTCGATTGCACTCGGGTTGATTCCATTCCATTGCATTCCATTCCATTCCACTCCATTAAATTC,Chlorella_vulgaris
ATTCATTTCCATCCGATGATGATTCCATTCGATTCCGTTCAATGATTATTCCATTCGAGTCCATTCGATGATTCCATTCGATTCCATTCGATGATGATTGCATTCGAGTCCATGGATTATTCCATTCCATTCCATTAGATGATTCCATTCG,Chlorella_vulgaris
ATTCCATTCCATTCCATTCCGCTCCATTCCATTGCATTCCACTGGCCTTGATTCCATTCTATTCTATTCCATTCCATTCCATTCCATTACACTCGGTTTGATTCCATTCCATTCCATTCCATTCCATTCCATTCCATTCCATTCCATTC,Chlorella_vulgaris
CATTCCATAATTCTATTCGATTCCATTTGATGATGATTCCATCTGATTCCATTTGATGATTCCATTCGTTTCCATCCGATGATGATTCCATTCGTTTCCGTTCAATGATTATTCCATTCGAGTCCATTCGATGATTCCATTCGATTCCATT,Chlorella_vulgaris
ATTCAATTCCATTCGATGATGATTCCATTCCAGTCCATATGATCATTCCATTTGATTTCATTCGATGATGATTCCATTCGATTCCTTTCGACGATTCCATTCTATTCCATTCGATGATGATTCCATTCGAGTCCATTCGATGATTCCATT,Chlorella_vulgaris
ATTCTATTCCATTTGATGATGATTCCATTCGATTCCATTCATTGGTGATTCCACTCAATTCCATTCAATGATTCCATTCCATTTCTTTCAACAATGATTCCATTAGTTTCTAATCGATGATCCACTTGATTCCATTTGACGACGATTCCAT,Chlorella_vulgaris
GATTCCATTCCATTCCATTCCATTCCATTCAATTCCATTCCATTACAATTCGTTCCATTCCATTCTATTCCGTAGCATTCCATTCCGTTCCATACAATTCCATTCCATTCCATTCCATTCCATTCCGTTCCATTCCGTTCCATTGCATGC,Chlorella_vulgaris
CCATTGCATTCCATTCCATTCCATTCCCCTGCACTCGGGTTCATTACCTTCCATTCCATTTACTTCCATTCCATTCCATTCCATTCTATTCGGGTTAATTCCATTCCATTCCATTCCATTCCATTCCATTCCATTCCATTCCATTGCAAT,Chlorella_vulgaris
CGATGATTCCATTCGATTCCATTCGATGATGATTGCATTCGAGTCCATGGATTATTCCATTCCATTCCATTAGGTGATTCCATTCGGGTCCATTCGACGATTCTCTTCGATTCCATTCGATAATTCCGTTTTTTTCCGTTTGATGTTGATT,Chlorella_vulgaris
CATTCCATTCCCTTCCATTCCATTCCATTTCGTTCCATTCCATTCTATTCCGTACCATTCCATTAAATTCCATTCCATTCCATTCCATTCCACTCCATTCCTTGCCATTCCAATCGGGTATATTCCATTCCTTTCC,Chlorella_vulgaris
GTTTGATGTTGATACCATTCGATTCCATTCGATGATAATTCCATTCGATTCTATGCGATGATTCCATTCCTTTCCATTAGAAGATGATTCCATTCGAGACCATTCGATGATTGCATTCAATTCATTCGATGACGATTCCATTCAATT,Chlorella_vulgaris
CCCTTCCAATGCATTCCATTCGATTCCATTCCATTGCATTGCATTCCATTCCATTGGACTGCAATCCATTCGATTCCATTGCATTCGAATCAATTACATAGCAATCCATTACATTCGAGTCTATTCTATTCCGTTCCATTCGATTTCGTT,Chlorella_vulgaris
ATTCAATTCAAGTCAATGATGATTCCATTCGATTCCATTCGATGATTCCATTGGATTCCATTCGATGATGATTCCATTCAAATCCATTCGATAATTCAATTCAAGTCCATTCGATAATGATTCCAATCGAATCCATTCAAAGATTCCATT,Chlorella_vulgaris
CATTCGATGATGATTCCATTCGAGTGCATTCGATGATTTCATTCGAGTACATCCAATGATTCCATTCGATGATTCCATTTGATTCCATTTGATTATGATTCTACTAGATTCCATTCAATGACTCCATTCGAGTCCATTCAA,Chlorella_vulgaris
GTGGAGGTCCCAGGAGCTGAGAAGAAGCTCTCATCAGTGAAAGCAGCAAGTCCCCTCATGGCAGAAATGTCAGCAGGTAAGACTACTATCGGCCCTGCTGCATTTGTGGTTTGAGCTGAGCCTCTTTATGGAGCTAGGGCACAGGGGAAAG,Oncorhynchus_mykiss
TCCCAGAGGTTGCCAGGTGCACTGTGGAGGTCCCAGGAGCTGAGAAGAAGCTCTCATCAGTGAAAGCAGCAAGTCCCCTCATGGCAGAAATGTCAGCAGGTAAGACTACTATCGGCCCTGCTGCATTTGAGGTTTGAGCTGAGCCTCTTTA,Oncorhynchus_mykiss
CCCAGAGGTTGCCAGGTGCACTGTGGAGGTCCCAGGAGCTGAGAAGAAGCTCTCATCAGTGAAAGCAGCAAGTCCCCTCATGGCAGAAATGTCAGCAGGTAAGACTACTATCGGCCCTGCTGCATTTGAGGTTTGAGCTGAGCCTCTTTAT,Oncorhynchus_mykiss
GGTCCCAGGAGCTGAGAAGAAGCTCTCATCAGTGAAAGCAGCAAGTCCCCTCATGGCAGAAATGTCAGCAGGTAAGACTACTATCGGCCCTGCTGCATTTGAGGTTTGAGCTGAGCCTCTTTATGGAGCTAGGGCACAGGGGAAAGGGAAT,Oncorhynchus_mykiss
GGTGCACTGTGGAGGTCCCAGGAGCTGAGAAGAAGCTCTCATCAGTGAAAGCAGCAAGTCCCCTCATGGCAGAAATGTCAGCAGGTAAGACTACTATCGGCCCTGCTGCATTTGAGGTTTGAGCTGAGCCTCTTTATGGAGCTAGGGCACA,Oncorhynchus_mykiss
TCCCAGGAGCTGAGAAGAAGCTCTCATCAGTGAAAGCAGCAAGTCCCCTCATGGCAGAAATGTCAGCAGGTAAGACTACTATCGGCCCTGCTGCATTTGAGGTTTGAGCTGAGCCTCTTTATGGAGCTAGGGCACAGGGGAAAGGGAATAA,Oncorhynchus_mykiss
GGATGGAGTCCCAGAGGTTGCCAGGTGCACTGTGGAGGTCCCAGGAGCTGAGAAGAAGCTCTCATCAGTGAAAGCAGCAAGTCCCCTCATGGCAGAAATGTCAGCAGGTAAGACTACTATCGGCCCTGCTGCATTTGAGGTTTGAGCTGAG,Danio_rerio
GGATGGAGTCCCAGAGGTTGCCAGGTGCACTGTGGAGGTCCCAGGAGCTGAGAAGAAGCTCTCATCAGTGAAAGCAGCAAGTCCCCTCATGGCAGAAATGTCAGCAGGTAAGACTACTATCGGCCCTGCTGCATTTGAGGTTTGAGCTGAG,Danio_rerio
TGTGTGGCCAGGCAGGGAGGATGGAGTCCCAGAGGTTGCCAGGTGCACTGTGGAGGTCCCAGGAGCTGAGAAGAAGCTCTCATCAGTGAAAGCAGCAAGTCCCCTCATGGCAGAAATGTCAGCAGGTAAGACTACTATCGGCCCTGCTGCA,Oncorhynchus_mykiss
CCCAGGAGCTGAGAAGAAGCTCTCATCAGTGAAAGCAGCAAGTCCCCTCATGGCAGAAATGTCAGCAGGTAAGACTACTATCGGCCCTGCTGCATTTGAGGTTTGAGCTGAGCCTCTTTATGGAGCTAGGGCACAGGGGAAAGGGAATAAT,Oncorhynchus_mykiss
GGAGGATGGAGTCCCAGAGGTTGCCAGGTGCACTGTGGAGGTCCCAGGAGCTGAGAAGAAGCTCTCATCAGTGAAAGCAGCAAGTCCCCTCATGGCAGAAATGTCAGCAGGTAAGACTACTATCGGCCCTGCTGCATTTGAGGTTTGAG,Oncorhynchus_mykiss
CACCTGTGTGGCCAGGCAGGGAGGATGGAGTCCCAGAGGTTGCCAGGTGCACTGTGGAGGTCCCAGGAGCTGAGAAGAAGCTCTCATCAGTGAAAGCAGCAAGTCCCCTCATGGCAGAAATGTCAGCAGGTAAGACTACTATCGGCCCTG,Oncorhynchus_mykiss
GTGCTCACCTGTGTGGCCAGGCAGGGAGGATGGAGTCCCAGAGGTTGCCAGGTGCACTGTGGAGGTCCCAGGAGCTGAGAAGAAGCTCTCATCAGTGAAAGCAGCAAGTCCCCTCATGGCAGAAATGTCAGCAGGTAAGACTACTATCGG,Oncorhynchus_mykiss
GTGCTCACCTGTGTGGCCAGGCAGGGAGGATGGAGTCCCAGAGGTTGCCAGGTGCACTGTGGAGGTCCCAGGAGCTGAGAAGAAGCTCTCATCAGTGAAAGCAGCAAGTCCCCTCATGGCAGAAATGTCAGCAGGTAAGACTACTATCGG,Oncorhynchus_mykiss
GCTCTCATCAGTGAAAGCAGCAAGTCCCCTCATGGCAGAAATGTCAGCAGGTAAGACTACTATCGGCCCTGCTGCATTTGAGGTTTGAGCTGAGCCTCTTTATGGAGCTAGGGCACAGGGGAAAGGGAATAATTTGTGCCCTCCCAGCCTT,Oncorhynchus_mykiss
CAGCATCACCATCTTTATAGTCATCTCCATCATATCATCATCATCTCCATCTCCACCATCATCATCACCACCACCCTTATCATCCTCATCATCACAAGAATATAAGCTCTCTGAAGGAAGACATTTTTATCTCTTTTGTATTCCCTGCCAT,Unknown_6
CATCAGCAGCATCACCATCTTTATAGTCATCTCCATCATATCATCATCATCTCCATCTCCACCATCATCATCACCACCACCCTTATCATCCTCATCATCACAAGAATATAAGCTCTCTGAAGGAAGACATTTTTATCTCTTTTGTATTCC,Unknown_6
ATCATCAGCAGCATCACCATCTTTATAGTCATCTCCATCATATCATCATCATCTCCATCTCCACCATCATCATCACCACCACCCTTATCATCCTCATCATCACAAGAATATAAGCTCTCTGAAGGAAGACATTTTTATCTCTTTTGTATT,Unknown_6
CATCATCAGCAGCATCACCATCTTTATAGTCATCTCCATCATATCATCATCATCTCCATCTCCACCATCATCATCACCACCACCCTTATCATCCTCATCATCACAAGAATATAAGCTCTCTGAAGGAAGACATTTTTATCTCTTTTGTATT,Unknown_6
CATCATCAGCAGCATCACCATCTTTATAGTCATCTCCATCATATCATCATCATCTCCATCTCCACCATCATCATCACCACCACCCTTATCATCCTCATCATCACAAGAATATAAGCTCTCTGAAGGAAGACATTTTTATCTCTTTTGTATT,Unknown_6
CATCATCAGCAGCATCACCATCTTTATAGTCATCTCCATCATATCATCATCATCTCCATCTCCACCATCATCATCACCACCACCCTTATCATCCTCATCATCACAAGAATATAAGCTCTCTGAAGGAAGACATTTTTATCTCTTTTGTATT,Unknown_6
CATCATCAGCAGCATCACCATCTTTATAGTCATCTCCATCATATCATCATCATCTCCATCTCCACCATCATCATCACCACCACCCTTATCATCCTCATCATCACAAGAATATAAGCTCTCTGAAGGAAGACATTTTTATCTCTTTTGTATT,Unknown_6
TCACCAACATCATCAGCAGCATCACCATCTTTATAGTCATCTCCATCATATCATCATCATCTCCATCTCCACCATCATCATCACCACCACCCTTATCATCCTCATCATCACAAGAATATAAGCTCTCTGAAGGAAGACATTTTTATCTCTT,Unknown_6
ATCACCAACATCATCAGCAGCATCACCATCTTTATAGTCATCTCCATCATATCATCATCATCTCCATCTCCACCATCATCATCACCACCACCCTTATCATCCTCATCATCACAAGAATATAAGCTCTCTGAAGGAAGACATTTTTATCT,Unknown_6
ATCACCAACATCATCAGCAGCATCACCATCTTTATAGTCATCTCCATCATATCATCATCATCTCCATCTCCACCATCATCATCACCACCACCCTTATCATCCTCATCATCACAAGAATATAAGCTCTCTGAAGGAAGACATTTTTATCT,Unknown_6
TCTTTATAGTCATCTCCATCATATCATCATCATCTCCATCTCCACCATCATCATCACCACCACCCTTATCATCCTCATCATCACAAGAATATAAGCTCTTTGAAGGAAGACATTTTTATCTCTTTTGTATTCCCTGCCATAATCCATGGG,Unknown_6
CTATCACCAACATCATCAGCAGCATCACCATCTTTATAGTCATCTCCATCATATCATCATCATCTCCATCTCCACCATCATCATCACCACCACCCTTATCATCCTCATCATCACAAGAATATAAGCTCTCTGAAGGAAGACATTTTTAT,Unknown_6
ATATCATCATCATCTCCATCTCCACCATCATCATCACCACCACCCTTATCATCCTCATCATCACAAGAATATAAGCTCTCTGAAGGAAGACATTTTTATCTCTTTTGTATTCCCTGCCATAATCCATGGGCCTGGCACAGAGTAGGTGCT,Unknown_6
ATCATCATCTCCATCTCCACCATCATCATCACCACCACCCTTATCATCCTCATCATCACAAGAATATAAGCTCTCTGAAGGAAGACATTTTTATCTCTTTTGTATTCCCTGCCATAATCCATGGGCCTGGCACAGAGTAGGTGCTCAATAA,Unknown_6
TCTTTATAGTCATCTCCATCATATCATCATCAACTCCATCTCCACCATCATCATCACCACCACGCTTATCATCCTCATCATAAGAATATAAGCTCTCTGAAGGAAGACATTTTTATCTCTTTTGTATTCCCTGCCATAATCCATGGGC,Unknown_6
GTATATAATATATAGTTTGTGAACTTTTATGTTTCATATACAGTATATAATATATATTTGGTGTACTTTGATATTTTATGTATAGTATATAATCTATATTTGATGTACTTTCATATTTTATGTACCTAATATATACTTGATGAAATTTCAT,Unknown_7
ACGTAATATAATATATATTTGATATAATTTCATATTTTATGTGCAGTATATAATGTATAGTTTGGGTACTTTGATATTTTATGTACACTATAGAATATATATTTGGTGTACTTTGATATTTTATGTACAGAATACAATATATATTTGATGT,Unknown_7
ATATAATATATAGTTTGTGAACTTTGATATTTCATGTAGAGTATATAATATATATTTGGGGTACTTTGATATTTTATGTACAGTATACAATCTATATTTGATGTACTTTCATATTTTATGTACCTAATATCATATATTTTTGATGTAATTT,Unknown_7
TATGTACAGTATAGAATATATATTTGGTGTACTTTGATATTTTATGTACAGTATATAATCTATAGTTTGGGTAATTTGATTTTTTATGTACAATATATAATATATATATTGGTTACTTTAATATTTTATTTAGAGTTCACAATAAATGATT,Unknown_7
GTATAGAATATATACCTTGGGGACTTTGATATTTTATCTACAGTATATAATATATAGTTGTGAACTTTGATATTTCATGTACAGTATATAATATATATTTGGGATACTTTGATATTTTATGTACAGTATATAATCTATATTTGATGTACTT,Unknown_7
GGTATATATTGTATACTGTACAAAAAATATCAAAGTACCCAAAGCATGTATTATATACTGTACATAAAATATGAAAGTACATCAAATATATATTTTATTCTGTACATAAAATATCAAAGTACACCAGATATATATTCTATAGTGTACATAA,Unknown_7
ATTTATAGTTTGTGTACTTTGTTATTTTATGTACACTATAGAATATATATCTGGTGTACTTTGATATTTTATGTACAGAATAAAATATATATTTGATGTACTTTCATATTTTATGTACCTATATATATATGATGTAATTTCATATTTTATG,Unknown_7
ATATTTGATGTAATTTCATATTTTATGTACAGTATATAATGTATAGTTTGGGTACTTTGATATTTTATGTACACTATAGAATATATATCTGGTGTACTTTGATATTTTATGTACAGAATAAAATATATATTTGATGTACTTTCATATTTTA,Unknown_7
ATATATGTTATATATTATATATTTTCCATAGAATATACATGTTACATATAATATATACTATGTTACATATAATGTATAATTTATCAAATATAATGTAATGTATGTCATATATTATATATAATTTATAATACACAATATGTGGAATGTGATA,Unknown_7
GATTATATACTGTACATAAAATATCAAAGTACCCCAAATATATATTTTGTACTCTACATGAAATATCAAAGTTCACAAACCATATATTATATAGTGTACATAAAATATCAAAGTACCCAAGGTATATATTCTATACTGTACAAAAAATAT,Unknown_7
GTATATAATATATAGTTTGTGAAATTTGATATTTCATGTAGAGTATATAATATATATTTGGGGTACTTTGATATTTTATGCACAGTATATA,Unknown_7
AGATTATATAGTGCACATAAGATATGAAATTATATCAAACATATATTATATTAGGTACATAAAATATGAAAGTGCATCAAATATAGATTATATACTGTACATAAAATATCAAAGTACCCCAAATATATATTGTATACTGTACATGAAATAT,Unknown_7
ATTATATACTGTACATGAAATATCAAAGTTCACAAACTATATATTATATACTGTACATAAAATATCAAAGTACCCAAGGTATATATTCTATACTGTACAAAAGATATCAAAGTACCCAAAGCAAGTATTATATACTGTACATAAAATATGA,Unknown_7
ATTATGTACAGTATATAATACATACTTTGGGTACTTTGATATTTTATGTACAGTATATAATACATACTTTGGGTACTTTGATATTTTATCTACAGTGTATAATATATACTTTGGGTACTTTGATATATTATGTACAGTATATAATACATA,Unknown_7
GTTATGTATAACATAGATTATATGATATATGACATACAATATATGATATATAACATATAATCTATGTTATACATAACACATTCCACATATCATATATTATAAATAATTTATAATATACAATATGTGGAATGTGTTATGTATAACATAGATT,Unknown_7
ATTGTATTCTGTACATAAAATATCAAAGTACACCAGATATATATTCCATAGTGTACATAAAATATCAAAGTACCCAAACTATACATTATATACTGTACATAAAATATGAAATTACATCAAATATATATTATATTAGGTTCATAAAATATGA,Unknown_1
ATTATATATAGTTTGTGAACTTTGATATTTCATGTACAGTATAAAATATATATTTGGGGTACTGTGATATTTTATGTACAGTATATAATCTATATTTGATATACTTTCATATTTTATGTACCTAATATAATATATATTTGATGTAGTTTCA,Unknown_1
ATTCTATACTGTACAAAAAATATCAAAGTACCAAAAGCATGTATTATATAATGTACATAAAATATGAAAGTACATCAAATATATATTTTATTCTGTACATAAAATATCAAAGAACACCAGATATATATTCTATAGTGTACATAAAATATCA,Unknown_1
ATACCAAAGTACCCCATATATATATTTTATACTGTACATGAAATATCAAAGTTCACAAACTATATATTATATACTGCACATAAAATAACAAAGTACACAAGGTGTATATTATATAGTGTACAAAAAATATCAAAGTACCCAAAGCATATAT,Unknown_1
ACACTATAGAATATATATCTCGTGTACTTTGATATTTTATGTACAGAATAAAATATATATTTGATGTACTTTCATATTTTATGTACAGTATATAATACTTGCTTTGGGTACTTTGATATCTTTTGTACAGTATAGAATATATACCTTGGGT,Unknown_1
CTATGGAATATATATCTGGTGTACTTTGATATTTTATGTACAGAATAAAATATATATTTGATGTACTTTCATATTTTATGTACAGTATATAATACTTGCTTTGGGTACTTTGATATCTTTTGTACAGTATAGAATATATACCTTGGGTA,Unknown_1
ACATTATATACTGTACATAAAAGATGAAATTACATCAAAAATATATGATATTAGGTACATAAAATATGAAAGTACATCAAATATAGATTGTATACTGTACATAAAATATCAAAGTACCCCAAATATATATTATATACTCTACATGAAATAT,Unknown_1
AATATATACTGTACATAAAATATCAAAGTACCCAAAGTATGTATTATATACTGTACATAATATATCAAAGTACCCAAAGTATATATTATACACTGTAGATAAAATATCAAAGTACCCAAAGTATGTATTATATACTGTACATAAAATATCA,Unknown_1
GTATATAATATATATTTGGGGTACTTTGATATTTTATGTACAGTATATAATCTATATTTGATGTACTTTCATATTTTATGGACCTAATATATATTTGATGTAATTTCATATTTTATGTACAGTATATAATGTATAGTTTGGGTACTTTGAT,Unknown_1
ATGATATATTATGTAAAGTAAGTAATAAAATTACATATAACATAATATATAGTTATGTATAATATAACGTATAATTATATACGTTATATTTTATATGTACATATAATATTATACAGTTATATATAATTTTGAATAGTTACCTATAATGTAA,Unknown_1
ATGTATAGATTATTACACCATACATAAAATATGAAAGTACATCAAATGTATATTTTATTCTCTACATAAAATAACAAAGTACACGAAATATATATTCCATTCTGTACATAAAATATCAAAGTACCCAAAGCATGTATTATATACTGTACAT,Unknown_1
ATATTAAGCCCCTAAAACATTAACGATCATTATATTCACATTATATATTGTACCTAAAATATCAAAGTATATCAAATATATATTATATACTGTACATAAAATATCAAATTTCACAACTATTTATTATATACAATATATAAAATTTCAAAAT,Unknown_1
ATAGAGATTTGATGTAATTTCATATTTTATGTACAGTATATAATGTATAGTTTGGGTACTTTGATATTTTATGTACACTATAGAATATATATCTGGTGTACTTTGATATTTTATGTACAGAATAAAATATATATTTGATGTACTTTCATAT,Unknown_1
TTATTATACACTGTACATAAAATATCAAAGTACCCAAGGTATGTATTCTATACTGTACAAAAAATATCAAAGTTCCCAAAGCAAGTATTATATACCGTACATAAAATATGAAAGTACATCAAATATATATTTTATTCTGTACATAAAATAT,Unknown_1
TATATACTGTGCATAAAATATCAAAGTACCCCAAATATATATTATATACTCTACATGAAATATCAAATTTCACAAACTATATATTATATAC,Unknown_1
AGTTGAGGACACACATCAGAAACTAGTTTCTGAGAATGCTTCTGTCTAGTTGTTATGGGAAGATATTTCCTTTTCCAACGTAGGCCTGAAAGCGCTCCAAATGTCCACTTCCATATACTAAAAAAAGAGTGTTTCAAACCTGCTCTACCAA,Salmo_salar
GTTTAACATCTGCCCTTCTAAAGGAAAGTTCAACTCTATGAGTTGAATACACACAGCACAAAGAAGTTACTGAGACTTCTCCTATCAAACATTATATGAAGAAATCCCGTTTCCAACGAAGGCCTCAAAGAGGTCCAAATATCTGCTTGCA,Salmo_salar
GTTCAACTCTGTTAGTTGAGGACACACATCGCAAATAAGTTTCTGAGAATGCTTCTGTCTAGTTTTTATTTGAAGATATTTCCTTTCTCACCATAGGCCTGAAAGCGTTCGAAATGTCCGTTTGCAGATACTACAGAAAGAGTGTTTCAAA,Salmo_salar
CTCTAAATATCCGCTTGGAAATACTACAAAAACAGTGTTTCAAAACTGCTGTAGCCAAAGGAAGGTGCCACTCGCTGAGTTGAATGCACACATCACAAGGAAGTTTCTGAGAATTCTTCTGTCTAGATTCATACGAAGAAATCCCGTTTC,Salmo_salar
GTTTTTGGAATTTGCAAGTGCAGATTTCAAGCGCTTCTAGGCCTATGGTGAGAAAGGAAATATCTTCAAGTAAAAACTAGACAGAAGCATTCTCAGAAAGAGTGTTTCAAACATGCTCTATGAAAGGGAATGTTCAGTTCTGTGACTTGA,Salmo_salar
GGATGTGGGAGCCTGAGAAACGGCTACCACATCCAAGGAAGGCAGCAGGCGCGCAAATTACCCACTCCCGACCCGGGGAGGTAGTGACGAAAAATAACAATACAGGACTCTTTCGAGGCCCTGTAATTGGAATGAGTCCACTTTAAATC,Salmo_salar
GTCTAGCATTATATGAAGAAATCCCGTTTCCAACGAAGGCCTCAATGAAGTCCAAAAAAGCACTTGCAGGCTTTACAAACAGAGTGTTTCCAAACTGCTCTACGAAAAGAAAGGTTAAACTCTGTGAGTTGAACGCACACATCACAAAGTA,Salmo_salar
CCGTGGAGGAGGTCTTATCAGAGTCACGTCAACATCTTAAAGATGGCACTTGTGGCTTAGTAGAAGTTGAAAAAGGCGTTTTGCCTCAACTTGAACAGCCCTATGTGTTCATCAAACGTTCGGATGCTCGAACTGCACCTCATGGTCATGT,Esox_lucius
GGCCTATGGTTAAAAGGAAATATCTTCCCATAAAAACTAGACAGAAGCCGTCTCAGAAACTTGTTTGTGATGTGTGTATTCAACTACCAGAGTTGAACATTTCTGTTACAGAGCAATTTTAAAACACTCTTTTTGTGGAATCTGAAAGTGG,Esox_lucius
GCATGAAAGGAAGAAACCCCGTTTGCAACGAAGGCCTCAAAGAGGTCCAAATATCCACTTGCAGACATAACAAGCAGAGTGTTTCTAAACTGCTCTAAGAAAAGAAAGGTTAAACTCTGTGAGTTGAAGGCACACATCACAAAGTAGTTT,Esox_lucius
GCTGAATGAAAAGAAACGTTAAACTCTGTGAGTTGAACGCAAACATCACAAAGTAGTTTCTGAGAATGACTCCGTCTAGTTTTTATACGAAGATATTTCCTTTCCTACCATTCACTTCAAAGCGCTTGAAGTCTCCCCCTGAAAATTCCA,Esox_lucius
GGTTTCAACATTCCCTATCATAGAGCAGGTTTGAGACACTCTTTCTGCACTACCTGGAAGTGGACGTTTGGAGCGCTTTGAGGCCTATGTTGAAAAAGGAAATATCTTCCCATAAAAACTAGACAGAAGCATTCTCAGAAACTTGTTTGTG,Esox_lucius
CCAAGTGTCTCACCACTACGACCGTACTGAATGCCTTCGAGTTCTGCTACCAGCTCAACCATAACATGACCATGAGGTGCAGTTCGAGCATCCGAACGTTTGATGAACACATAGGGCTGTTCAAGTTGAGGCAAAACGCCTTTTTCAACTT,Anguilla_anguilla
GCCTGAAAGCGCTTAAAACGTCCGCTTGCAGATACTACAGAAAGAGTGTTTCAAACCTGCTCTATGAAAGGGAATGTTCAGTTCTGTGACTTGAATGCAAACATCACAAAGAAGTTCCTGAGAATGCTTCTCCCTAGATTTTATATGTAAT,Anguilla_anguilla
CAAAAACAGTGTTTCAAAACTGCTGTATCCAAAGGAAGGTGCCACTCGCTGAGTTGAATGCACACATCACAAGGAAGTTTCTGAGAATTCTTCTGTCTAGATTCATACGAAGAAATCCCGTTTCCAACGAAGGCCTCAAAGAAGTCCAAAT,Anguilla_anguilla
ATTCCGTTCCATTCCATTCCATTACATTCGGATTGATTCTATTCATTTCCCTTAGTTTCCATTCCATTCCATTCCATTCGGGTTGTTCCATTCCATTCCATTCCATTCCACTCCATTCCATTGCACTCGGGTTGATTCCATTCCATTCCAT,Chlorella_vulgaris
CCATTCCATTCCATTCCCCTGCACTCGCGTTGATTCCATTCCATTCCATTCCATTCCATTCCATTCCATTCCATTCCGTTCCGTTCCATTCCATTCCATTCCATTCCATTCCATTCCATTCCATTACATTCGGATTGATTCTATTCAATT,Chlorella_vulgaris
GAGTTGATTCCATTCCATTCCATTCCATTCCGGATGATTCCATTCCATTGCATTCCATTCCATTCCATTCCCCTGCACTCGTGTTGATTCCATTCCCTTCCATTCCATTCCATTCCGTTCCATTCCATTCCATTCCATTCTATTCCGGTT,Chlorella_vulgaris
CTCGGGTTGATTCCATTGCTTTGCATTCCATTCCATTCCATTCCATTCCGGATGATTCCATTGCATTGCATTCCATTCCATTCCATTCCCCTGCACTCGGGTTGATTCCATTCCATTCCACTCCATTCCGTTCCATTCCATTCCATTCCAT,Chlorella_vulgaris
ATTCCATTCCGTTCCGTTGCATTCCATTCCATTCCTCTCCATTCCATTGCACTCGGGTTGATTCCATTCCATTGCATTCCATTACATTCCATTCAATTCCATTCCGTTCCATTCCATTCCATTACATTCGGATTGATTCTATTCAACTCC,Chlorella_vulgaris
ATTCCATTACATTGCAATCGAGTTGATTCCATTCCATTCCATTCCATTCCATTCCATTCCATTCCATTCCATTCCATTCCATTCCTTTCCATTCCATTACGGATGATTCCATTCCATTGCATTCCATTCCATTCCATTACGCTGTACTCGG,Chlorella_vulgaris
CCATTACATTCCATTCCATTCGGGTAGTTTCCATTCCATTCCATTCCATTCCTCTCCATTCCATTGCACTCGGGTTGATTCCATTCCATTGCATTCCATTCCATTCCATTCAATTCCATTCCGTTCCATTGCATTCCATTACATTCGGATT,Chlorella_vulgaris
CTTACACTCCATTACATTCCATTCCATTCGGGTTGTTCCATTCCATTCCATTCCATTCCACTCCATTCCATTGCACTCGGGTTGATTCCATTCCATTCCATTCCATTCCATTCCATTCCATTCCATTCCATTCCGGTTGATTCCATTCCAT,Chlorella_vulgaris
ATTCCATTCCCCTGCACTCGCGTTGATTCCATTCCATTCCATTCCATTCCATTCCATTCCGTTCCGTTCCGTTGCATTCCATTCCATTCCATTCCATTCCATTCCGTTCCATTCCATTCCATTCCATTCCATTCTATTCGGGTTAATTCCA,Chlorella_vulgaris
CGAGTTGATTTCTTTCCATTCCTTTCCATTCCATTCCATTCCATTCCACTCGAGTTGATTCCATTCCGTTCCATTCCATTGCATTCCATTCCATGCCATTCCACTCGGGTTGATTCCGTTCCTTTCCATTCCATTCGGGTTGAATCCATT,Chlorella_vulgaris
GTTTATTCCATTCCATTCCATTCAATTTCATTCCATTCCATTCCATTCCATTCCATTCCACTCGGGTTGATTCAATACCATTCTATTC,Chlorella_vulgaris
ATTCCATTCCATTTGAGTGCATTCCATACAAATCCTTTTCATTCAAGTCCATTTCATTCAAGTACATTCCATTCCAGTCCTTTATATTCGAGTATATTCCATTCCATTCGATTCCATTCCATTCCATTTTGTTC,Chlorella_vulgaris
CATTATATTCGAATAAGTTCCATTCAAGACCATTTCTTTTGAGTCCATTCTATTTGAGTCCATTCCCTTTGATTCCATAACATTTGAGTCCATGCAATTCCATTCCACTCCTTTCCAATTGCGTTGATTCCATTCCACTCAATTCCATTC,Chlorella_vulgaris
GTTCGATTCCATTCCATTCGATGCCACTCCATACTATTGTATTTCATTCGATTCCATTCTATTCAAATAAATTCCATTCGAGACCATTCCTTTCGAGTCCATTCTATTTGAGTCCATTCCATTCGAGTCCATTATATTTGGGTCCATTCCA,Chlorella_vulgaris
ATTCTTTTCAATGATTCCATTTGATTCCATTTGATGTTGATTCCATTCGATTCCATTTTATGATGATTCCATGCAATTCCATTAGATGATGACTCCTTTCATTTCCATTCGATGATGATTCCATTCCTTTCCATCCGAAGATGATTCCATT,Chlorella_vulgaris
TCTTTATAGTCATCTCCATCATATCATCATCATCTCCATCTCCACCATCATCATCACCACCACCCTTATCATCCTCATCATCACAAGAATATAAGCTCTCTGAAGGAAGACATTTTTATCTCTTTTGTATTCCCTGCCATAATCCATGGG,Pseudomonas_sp
TCTTTATAGTCATCTCCATCATATCATCATCATCTCCATCTCCACCATCATCATCACCACCACCCTTATCATCCTCATCATCACAAGAATATAAGCTCTCTGAAGGAAGACATTTTTATCTCTTTTGTATTCCCTGCCATAATCCATGGG,Pseudomonas_sp
TCTTTATAGTCATCTCCATCATATCATCATCATCTCCATCTCCACCATCATCATCACCACCACCCTTATCATCCTCATCATCACAAGAATATAAGCTCTCTGAAGGAAGACATTTTTATCTCTTTTGTATTCCCTGCCATAATCCATGGG,Pseudomonas_sp
TCTTTATAGTCATCTCCATCATATCATCATCATCTCCATCTCCACCATCATCATCACCACCACCCTTATCATCCTCATCATCACAAGAATATAAGCTCTCTGAAGGAAGACATTTTTATCTCTTTTGTATTCCCTGCCATAATCCATGGG,Pseudomonas_sp
CTTTATAGTCATCTCCATCATATCATCATCATCTCCATCTCCACCATCATCATCACCACCACCCTTATCATCCTCATCATCACAAGAATATAAGCTCTCTGAAGGAAGACATTTTTATCTCTTTTGTATTCCCTGCCATAATCCATGGGC,Vibrio_sp
TTATAGTCATCTCCATCATATCATCATCATCTCCATCTCCACCATCATCATCACCACCACCCTTATCATCCTCATCATCACAAGAATATAAGCTCTCTGAAGGAAGACATTTTTATCTCTTTTGTATTCCCTGCCATAATCCATGGGC,Vibrio_sp
TCTTTATAGTCATCTCCATCATATCATCATCATCTCCATCTCCACCATCATCATCACCACCACCCTTATCATCCTCATCATCACAAGAATATAAGCTCTCTGAAGGAAGACATTTTTATCTCTTTCGTATTCCCTGCCATAATCCATGGG,Pseudomonas_fluorescens
ATCATCAGCAGCATCACCATCTTTATAGTCATCTCCATCATATCATCATCATCTCCATCTCCACCATCATCATCACCACCACCCTTATCATCCTCATCATCACAAGAATATAAGCTCTCTGAAGGAAGACATTTTTATCTCTTTTGTATT,Pseudomonas_sp
ATCATCAGCAGCATCACCATCTTTATAGTCATCTCCATCATATCATCATCATCTCCATCTCCACCATCATCATCACCACCACCCTTATCATCCTCATCATCACAAGAATATAAGCTCTCTGAAGGAAGACATTTTTATCTCTTTTGTATT,Pseudomonas_sp
CAGCATCACCATCTTTATAGTCATCTCCATCATATCATCATCAACTCCATCTCCACCATCATCATCACCACCACGCTTATCATCCTCATCATAAGAATATAAGCTCTCTGAAGGAAGACATTTTTATCTCTTTTGTATTCCCTGCCATAAT,Pseudomonas_fluorescens
GCATCACCATCTTTATAGTCATCTCCATCATATCATCATCAACTCCATCTCCACCATCATCATCACCACCACGCTTATCATCCTCATCATAAGAATATAAGCTCTCTGAAGGAAGACATTTTTATCTCTTTTGTATTCCCTGCCATAATC,Vibrio_sp
GTCATCTCCATCATATCATCATCATCTCCATCTCCACCATCATCATCACCACCACCCTTATCATCCTCATCATCACAAGAATATAAGCTCTCTGAAGGAAGACATTTTTATCTCTTTTGTATTCCCTGCCATAATCCATGGGCCTGGCACA,Pseudomonas_sp
TCACCAACATCATCAGCAGCATCACCATCTTTATAGTCATCTCCATCATATCATCATCATCTCCATCTCCACCATCATCATCACCACCACCCTTATCATCCTCATCATCACAAGAATATAAGCTCTCTGAAGGAAGACATTTTTATCTCTT,Vibrio_sp
CACCTACATCATCAGCAGCATCACCATCTTTATAGTCATCTCCATCATATCATCATCATCTCCATCTCCACCATCATCATCACCACCACCCTTATCATCCTCATCATCACAAGAATATAAGCTCTCTGAAGGAAGACATTTTTATCTCTTT,Pseudomonas_fluorescens
ATCTCCATCATATCATCATCATCTCCATCTCCACCATCATCATCACCACCACCCTTATCATCCTCATCATCACAAGAATATAAGCTCTCTGAAGGAAGACATTTTTATCTCTTTTGTATTCCCTGCCATAATCCATGGGCCTGGCACAGAG,Pseudomonas_sp
GCCATAATCCATGGGCCTGGCACAGAGTAGGTGCTCAATAAAGTGTGTTGGTTGCATCAGCAACACTAGATTTGATCTGCTATGATTTTTCATCTTAATTTGCATGAAAATGACAGAGATGCAGACACTCACCATCGACTGGTATCATTGA,Pseudomonas_sp
GCCATAATCCATGGGCCTGGCACAGAGTAGGTGCTCAATAAAGTGTGTTGGTTGCATCAGCAACACTAGATTTGATCTGCTATGATTTTTCATCTTAATTTGCATGAAAATGACAGAGATGCAGACACTCACCATCGACTGGTATCATTGA,Pseudomonas_sp
GCCATAATCCATGGGCCTGGCACAGAGTAGGTGCTCAATAAAGTGTGTTGGTTGCATCAGCAACACTAGATTTGATCTGCTATGATTTTTCATCTTAATTTGCATGAAAATGACAGAGATGCAGACACTCACCATCGACTGGTATCATTGA,Pseudomonas_sp
CAATGATACCAGTCGATGGTGAGTGTCTGCATCTCTGTCATTTTCATGCAAATTAAGATGAAAAATCATAGCAGATCAAATCTAGTGTTGCTGATGCAACCAACACACTTTATTGAGCACCTACTCTGTGCCAGGCCCATGGATTATGGC,Vibrio_sp
GTCAATGATACCAGTCGATGGTGAGTGTCTGCATCTCTGTCATTTTCATGCAAATTAAGATGAAAAATCATAGCAGATCAAATCTAGTGTTGCTGATGCAACCAACACACTTTATTGAGCACCTACTCTGTGCCAGGCCCATGGATTATGG,Vibrio_sp
CAGTCAATGATACCAGTCGATGGTGAGTGTCTGCATCTCTGTCATTTTCATGCAAATTAAGATGAAAAATCATAGCAGATCAAATCTAGTGTTGCTGATGCAACCAACACACTTTATTGAGCACCTACTCTGTGCCAGGCCCATGGATTAT,Pseudomonas_fluorescens
GTCAGTCAATGATACCAGTCGATGGTGAGTGTCTGCATCTCTGTCATTTTCATGCAAATTAAGATGAAAAATCATAGCAGATCAAATCTAGTGTTGCTGATGCAACCAACACACTTTATTGAGCACCTACTCTGTGCCAGGCCCATGGATT,Pseudomonas_sp
GTCAATGATACCAGTCGATGTTGAGTGTCTGCATCTCTGTCATTTTCATGCAAATTAAGATGAAAAATCATAGCAGATCAAATCTAGTGTTGCTGATGCAACCAACACACTTTATTGAGCACCTACTCTGTGCCAGGCCCATGGATTATGG,Vibrio_sp
CTTTTGTATTCCCTGCCATAATCCATGGGCCTGGCACAGAGTAGGTGCTCAATAAAGTGTGTTGGTTGCATCAGCAACACTAGATTTGATCTGCTATGATTTTTCATCTTAATTTGCATGAAAATGACAGAGATGCAGACACTCACCATCG,Pseudomonas_sp
CTTTTGTATTCCCTGCCATAATCCATGGGCCTGGCACAGAGTAGGTGCTCAATAAAGTGTGTTGGTTGCATCAGCAACACTAGATTTGATCTGCTATGATTTTTCATCTTAATTTGCATGAAAATGACAGAGATGCAGACACTCACCATCG,Pseudomonas_sp
CTTTTGTATTCCCTGCCATAATCCATGGGCCTGGCACAGAGTAGGTGCTCAATAAAGTGTGTTGGTTGCATCAGCAACACTAGATTTGATCTGCTATGATTTTTCATCTTAATTTGCATGAAAATGACAGAGATGCAGACACTCACCATCG,Pseudomonas_sp
AGTCGATGGTGAGTGTCTGCATCTCTGTCATTTTCATGCAAATTAAGATGAAAAATCATAGCAGATCAAATCTAGTGTTGCTGATGCAACCAACACACTTTATTGAGCACCTACTCTGTGCCAGGCCCATGGATTATGGCAGGGAATACAA,Vibrio_sp
GTGTTGGTTGCATCAGCAACACTAGATTTGATCTGCTATGATTTTTCATCTTAATTTGCATGAAAATGACAGAGATGCAGACACTCACCATCGACTGGTATCATTGACTGACTGGTGCTCACCTGTGTGGCCAGGCAGGGAGGATGGAGT,Pseudomonas_fluorescens
GCCTGGCACAGAGTAGGTGCTCAATAAAGTGTGTTGGTTGCATCAGCAACACTAGATTTGATCTGCTATGATTTTTCATCTTAATTTGCATGAAAATGACAGAGATGCAGACACTCACCATCGACTGGTATCATTGACTGACTGGTGCTCA,Pseudomonas_sp
GCCTGGCACAGAGTAGGTGCTCAATAAAGTGTGTTGGTTGCATCAGCAACACTAGATTTGATCTGCTATGATTTTTCATCTTAATTTGCATGAAAATGACAGAGATGCAGACACTCACCATCGACTGGTATCATTGACTGACTGGTGCTCA,Pseudomonas_sp
ACCAAAAAAAAACAAAAAAAAAAAAAAAAAAACAAAAAAAAAAAAAAAAACAAAAAAAAAAAAAAAAAAAAAAAAAAAAAAAAACAAAAAAAAAAAAATAAAAAAAAAAAAAAAAAAGTATACAAAAAAAAACTAGACAAAAGCATTCTCA,Unknown_2
GTAGAATGGAATGGAATGGAGATTAATGGAATTGAATGCAGACTAATGGAATAGAATCAAATGGAATGGCATCGAATGGAATGGACTGGAATGGAATGTGCACGAATGGAATGGAATCGAATGGATTGATATCAAGTGGAAAGGAATGGAA,Unknown_3
CATCATCAAATGGAATCTAATGGAATCATTGAACGGAATTGAATGGAATCGTCATCGAATGAATTCAATGCAATCAATGAATGGTCTCGAATGGAGCCATCTCCAAATGGAATGGAATGGAATCATCGCATAGAATCGAATGGAATTATAA,Unknown_3
GAATTTAATGGAGTGGAATGGAATGGAATGCAATGGAATGGAATCAACCCGAGTGCAATCGAATGGAATCGAATGGAATGGAAT,Unknown_3
GAATGGAACGGAATGAACTGTATTGGAATGGAATGGAATGGAATGGAAAGGAATGGAATGGAATGGAATGGAATGGAATGGAATGGAATGGAATGGAATCAAACCGAGTGTAATGGAATGGAATGGAATGGAATAGAATAGAATGGAATCA,Unknown_3
GAATCAACTCGATTGCAATGGAATGGAATGGAATGGAATGGAATGGAATGGAATGGAATGGAATTAACCCGACTAGAATGGAATGGAATGGAATGGAAGTAAATGGAATGGAAGGTAATGAACCCGAGTGCAGGGGAATGGAATGGAATGG,Unknown_3
GTATGGAATCGAATGGAATCATCATCATATGGAATCAAATGGAATCATCGAATGGACAAGAATGGAATCGTCGTCAAATGGAATCAAGTGGATCATCGATTAGAAACTAATGGAATCATTGTTGAAAGAAATGGAATGGAATCATTGAATG,Unknown_3
CATCCAATGGTCTCGAATGGAATCATCTTCAAATGGAATGGAATGGAATCATCGCATAGAATCGAATGGAATTATCATCGAATGGAATCGAATGGAATCAACATCAAACGGAAAAAAACGGAATTATCGAATGGAATCGAAGAGAATCAT,Unknown_3
GGAAACGAATGGAATCATCATCGAATGGAAATGAAAGGAGTCATCATCTAATGGAATTGCATGGAATCATCATAAAATGGAATCGAATGGAATCAACATCAAATGGAATCAAATGGAATCATTGAACGGAATTGAATGGAATCGTCATCGA,Unknown_3
GAATAGAATGGAACGGAATGGAATGGAACGGAATGGATCGGAATGGAATGGAATGGAATGGAATGGAATGGAACGGAATGGAATGGAATGGAATGGAATGGAATGGAATGGAATGGAATGGAATGGAATGGAATGGAATGGAATGAAATGG,Unknown_3
GGAAAGGAATGGAATATACCCGATTGGAATGGCAAGGAATGGAATGGAATGGAATGGAATGGAATGGAATTTAATGGAATGGTACGGAATAGAATGGAATGGAACGAAATGGAATGGAATGGAAGGGAATGGAATG,Unknown_3
GAATCGAATGGAATCATCGTAAATGGAATCAAGTGGAATCATCGAATGGAATCTAAGGGAAACATCGAATGGAACTGAATGGAATCTTTGAATGGATTCGATTGGAATCATTATCGAATGGACTTGAATTGAATTATCGAATGGATTTGAA,Unknown_3
GAATACAATAGTATGGAATGGAATCGAATGGAATGGAATCGAATGGATTGGAACGAAATCGAATGGAACGGAATAGAATAGACTCGAATGTAATGGATTGCTATGTAATTGATTCGAATGCAATGGAATCGAATGGATTGCAGTCCAATGG,Unknown_3
GAATCGAATGGAATCATCGAGTGGAATCGAATGGAATTATGATCAAATGGAATCGAATGTAATCATCATCAAATGGAATCAAAAATAACCATCATCAATTGGTATTGAATGGAATTGTCATCAAATGGAATTCAAAGGAATCATCATCAAA,Unknown_3
ATCATCAAGTGAAATCCAATGGAATCATCATCGAATAGAATCGAATTGAATCAACATCAAATGGAATCGAATGGAATCATCCAATATAATAGAATTGAATCACCATCGAAGAGAATCGAATAGAATCATCGAATGAACTCAAATGGAATCA,Unknown_3
AATGCAATCGAGTAGAATCATCGAATGGACTCGAATGGAGTCATCATCCAATGAAATCGGATGGAATCAATGAAGGGACTCGAATGAAATCATCGAATGGACTCTAATGGAATCATCATCAAATGAAATTGAATGGGATCATCATCAAATG,Unknown_3
ACACCAAGCAGGGCAGGAGCTGACCTTACCTCTTATCCCCTTATGTCCTCTTCATGAGGGAAAAGGCTGGGAGGGCACAAATTATTCCCTTTCCCCTGTGCCCTAGCTCCATAAAGAGGCTCAGCTCAAACCTCAAATGCAGCAGGGCCGA,Escherichia_coli
ATCCTACACCAAGCAGGGCAGGAGCTGACCTTACCTCTTATCCCCTTATGTCCTCTTCATGAGGGAAAAGGCTGGGAGGGCACAAATTATTCCCTTTCCCCTGTGCCCTAGCTCCATAAAGAGGCTCAGCTCAAACCTCAAATGCAGCAGG,Escherichia_coli
ATCCTACACCAAGCAGGGCAGGAGCTGACCTTACCTCTTATCCCCTTATGTCCTCTTCATGAGGGAAAAGGCTGGGAGGGCACAAATTATTCCCTTTCCCCTGTGCCCTAGCTCCATAAAGAGGCTCAGCTCAAACCTCAAATGCAGCAGG,Escherichia_coli
ATCCTACACCAAGCAGGGCAGGAGCTGACCTTACCTCTTATCCCCTTATGTCCTCTTCATGAGGGAAAAGGCTGGGAGGGCACAAATTATTCCCTTTCCCCTGTGCCCTAGCTCCATAAAGAGGCTCAGCTCAAACCTCAAATGCAGCAGG,Escherichia_coli
ATCCTACACCAAGCAGGGCAGGAGCTGACCTTACCTCTTATCCCCTTATGTCCTCTTCATGAGGGAAAAGGCTGGGAGGGCACAAATTATTCCCTTTCCCCTGTGCCCTAGCTCCATAAAGAGGCTCAGCTCAAACCTCAAATGCAGCAGG,Escherichia_coli
ATCCTACACCAAGCAGGGCAGGAGCTGACCTTACCTCTTATCCCCTTATGTCCTCTTCATGAGGGAAAAGGCTGGGAGGGCACAAATTATTCCCTTTCCCCTGTGCCCTAGCTCCATAAAGAGGCTCAGCTCAAACCTCAAATGCAGCAGG,Bacillus_sp
ATCCTACACCAAGCAGGGCAGGAGCTGACCTTACCTCTTATCCCCTTATGTCCTCTTCATGAGGGAAAAGGCTGGGAGGGCACAAATTATTCCCTTTCCCCTGTGCCCTAGCTCCATAAAGAGGCTCAGCTCAAACCTCAAATGCAGCAGG,Bacillus_sp
CCTCTTATCCCCTTATGTCCTCTTCATGAGGGAAAAGGCTGGGAGGGCACAAATTATTCCCTTTCCCCTGTGCCCTAGCTCCATAAAGAGGCTCAGCTCAAACCTCAAATGCAGCAGGGCCGATAGTAGTCTTACCTGCTGACATTTCTG,Escherichia_coli
CCTCTTATCCCCTTATGTCCTCTTCATGAGGGAAAAGGCTGGGAGGGCACAAATTATTCCCTTTCCCCTGTGCCCTAGCTCCATAAAGAGGCTCAGCTCAAACCTCAAATGCAGCAGGGCCGATAGTAGTCTTACCTGCTGACATTTCTG,Escherichia_coli
CCCCAATCCTACACCAAGCAGGGCAGGAGCTGACCTTACCTCTTATCCCCTTATGTCCTCTTCATGAGGGAAAAGGCTGGGAGGGCACAAATTATTCCCTTTCCCCTGTGCCCTAGCTCCATAAAGAGGCTCAGCTCAAACCTCAAATGCA,Oncorhynchus_mykiss
CCCCAATCCTACACCAAGCAGGGCAGGAGCTGACCTTACCTCTTATCCCCTTATGTCCTCTTCATGAGGGAAAAGGCTGGGAGGGCACAAATTATTCCCTTTCCCCTGTGCCCTAGCTCCATAAAGAGGCTCAGCTCAAACCTCAAATGCA,Oncorhynchus_mykiss
CCCCAATCCTACACCAAGCAGGGCAGGAGCTGACCTTACCTCTTATCCCCTTATGTCCTCTTCATGAGGGAAAAGGCTGGGAGGGCACAAATTATTCCCTTTCCCCTGTGCCCTAGCTCCATAAAGAGGCTCAGCTCAAACCTCAAATGCA,Oncorhynchus_mykiss
CCCCAATCCTACACCAAGCAGGGCAGGAGCTGACCTTACCTCTTATCCCCTTATGTCCTCTTCATGAGGGAAAAGGCTGGGAGGGCACAAATTATTCCCTTTCCCCTGTGCCCTAGCTCCATAAAGAGGCTCAGCTCAAACCTCAAATGCA,Bacillus_sp
CTTATGTCCTCTTCATGAGGGAAAAGGCTGGGAGGGCACAAATTATTCCCTTTCCCCTGTGCCCTAGCTCCATAAAGAGGCTCAGCTCAAACCTCAAATGCAGCAGGGCCGATAGTAGTCTTACCTGCTGACATTTCTGCCATGAGGGGA,Escherichia_coli
CTTATGTCCTCTTCATGAGGGAAAAGGCTGGGAGGGCACAAATTATTCCCTTTCCCCTGTGCCCTAGCTCCATAAAGAGGCTCAGCTCAAACCTCAAATGCAGCAGGGCCGATAGTAGTCTTACCTGCTGACATTTCTGCCATGAGGGGA,Bacillus_sp
TTAAGTTCAGCGGGTATCCCTACCTGATCCGAGGTCAACCATAGAAATTGGGGGTTGCTGGCAAGCACTCACCGGGACTCACACGCGAGGGTTTAATTACTACGCGTAGAGCTCGATGGCACCGCCACTGATTTTAAGGCCAGCCGTTCCCGGCAGAGCCCAAGACCAAGCTAGGCTTGAGGGTTGAAATGACGCTCGAACAGGCTTGCCCCCCGGAATACCAAGGGGCGCAATGTGCGTTCAAAGATTCG,Chlorella_vulgaris
TTAAGTTCAGCGGGTATCCCTACCTGATCCGAGGTCAACCTAGTATAAAATTGGGGGTTGCTGGCAAGTTAACCACCGAGACCCTATAGCGAGGAGTATTTACTACGCTCAGAGCTCGACGGCACCGCCACTGATTTTAGAAGCTGCGGGAGCCGCACGCCTCACGACCAAGCCAGGGCTTGATGGGTTGTAATGACGCTCGAACAGGCATGCCCTACGGAACACCATAGGGCGCAATGTGCGTTCAAAGA,Chlorella_vulgaris
TTAAGTTCAGCGGGTATCCCTANCTGATCCGAGGTCAACCTTAAAAGTATGGGGGTTATGGCAAGTGTTCTCCCGGGGACTATAGCGAGAAGAATTACTACGCTTAGAGCCGAGAGGCACCGCCACTGATTTTAAGAGCTGGGAGATCCCAAGCCCCAAGACCCCCGAAGGGTTGGGTATTAATGACGCCGGAACAGGCATCCTCCCCGGAAGACCAAGGGGCGGCATGAGGGTTAATAGATTCGATGATT,Chlorella_vulgaris
TTAAGTTCAGCGGGTATCCCTACCTGATCCGAGGTCAACCTATGAAAGTTGGGGGTTCTGGCGGGTAAACCAAGGGGACTCTTAAGCGGGAGTATTTATTACCTTTAACACATACGGGTACCGCACTTATTTTTTAGGCCGTCGGGACCTCGAATCCCCAGGACCAGCCTAGCTTGGTTGGTCATAATGACGCTCGAACAGGCATGCCCGCCGGAATACCAGCGGGCGCAATCGGCGTTCAAAGATTCGAT,Chlorella_vulgaris
TTCAGTTCAGCGGGTCGTCCCACCCGATCTGAGGTCAACTTGTCGAGGTTGTCCAACGACAGTTTGCCAGCACCCAGCCCACCATGCATGCATGTCCCAAAGCGACCTTGGTCCAGCGAAGATGCTTCTCACCCTGAAAGCACCGCACCCGCAAGACCCACTCATTCATTTCAGACCAGTTGCAGTAACACACCAGCGTCCAGGTCCTCATCCATCCGTACCAAGCCGGTGAACTGAGATTACACGCACAC,Salmo_salar
TTACGTTCATCGCTTATCCCTCCCTCCCCCCACTTCCACCTTCAGCAGCTGGGGGTTCCTGACAAGCCCCGCCTGGTCTCCATAGCTCGGATATTTACTACGCTCCACACCCCGACGGCACCGCCACTGATTTTCATGCCCGCCACACCCGGCGCGCCCCCACCCTCCGCAGTTCTTGCGCGCTTTACTGCCGCTCTATCCCGCATGCCCCTCTCCATACCCCGCCGCCCCTTCTTCTTCCCCACATCCGC,Unknown_7
TTAAGTTCAGCGGGTATCCCCACCCGATCTGAGGTCAACTTTTGATAAATGAGCAGATCTAACTTTTCGACACTTAGCCCCACTTCTAGAAATTTACTAAGCTAAAAGCTGTATGTTAATGCTAATACCTCTGTGATACCCCAACGGCGTCATGCTCTACTCAGCCGTGTTTGAGGGTTGTAATGACGCTCGAATAGTCATATCCCATGTCCTTCCACAGGGCTCATTCAGCGCTCGTACATTCGATCACA,Escherichia_coli
TTAAGTTCAGCGGGTATCCCTACCTGATCCGAGGTCGACCTCAGTGTTGGGGGTTCTTGCGGCATGTCGCCGGGCGCATGATCTAGAGCTGAACTTTGCTAAGCGTCTGGCCGACCCGCACCTCTCTTAAACTTAAGGCCTGCAGGAACTGCCCTCACCACTACCAAGCGTTGCGGGTTGGTATTAATGTCGATCGAGCAGGCACTGCCGGCAGACTACCGCCGTGATCTGGGTGCGTTGATGCCGTAGAT,Unknown_8
TTAAGTTCAGCGGGTATCCCTACCTGATCCGAGGCCAATCCTTGGAAAAGTTTGTGGGTCATTGGGCGGCCAGCCTCTTGCACACTCGGAGCGTGGGGATTTAAATCCTTGCTACGCTGCCGGCCAGTAGGGGGGGTCTTTTGGATTGGCGCCCGACGGCATGTCGTGGCCCAACATCATGCCAGGCTTGTGGGTGGTATTGCCGTCCGGCCGGGCGGCCCCCCCGGATTCCCAGGGGCCCCATGGTGCGT,Oncorhynchus_mykiss
TTAAGTTCAGCGTGTGTCCCTACCTGATCCGAGGTCAACCTTGGGATGGCGGGGTACTGACCAGCATCCACCGGAACCCTATAGCGAGAAGAATTACTACGCTTAGAGCCAATATGGCGCCGCCACAGGTTTTAAGGGCCGCGAAACCGCGCACCCCACCACCAAGCCAGGCTTGAGTGGTCATAATGACGCTCGAACAGGCATGCCCACCGGCATACGACGGGGCGCACTCTACATTCAAAGATTCGCTA,Anguilla_anguilla
TTCAGTTCAGCGGGTATCCCTACCTGATCTGATGTCCACCTTAATAAGTGGGGGTTTTGGCAAACTACCACCCGGACTCCGTAGCGAGCACCTTACTACGCTTGAAGCCAGACGGTACCGCCACTGGTTTTAGAGGCCGCGAGTACGCGAACCCCAATACCAAGCTAGGCTTGAGTGGTCATAATGACGCTCGAACATGCATTCCCCTCGACATACCAAGGTGAGCAATGTGCGATCAACGCTTCGATACT,Anguilla_anguilla
TTAAGTTCAGCGGGTATCCCTANCTGATCCGAGGTCAACCTTATAAGTAGGGGGTTTTGGGCAGGCATCCACCCGACCTCCCAGTGACATGAATTACTACGCTTAGAGCCAGCTCGCACCGCCACCGACTTTAATGGCCGCGCGTCTGCGAGCCCCAATACCAACCTAGGCTTGAGTGGTCATAATGACGATCGACCAGGCTTCCCCCTCCGAAACCCAAGGGGCGCATTGTCCTGTCAAAGCTTCGATGT,Anguilla_anguilla
TTAAGTTCAGCGGGTATCCCTANCTGATCCGAGGTCAAGAGTGTAAAAATGTAGTTTTGGACGTCGCCGCTGTGAGTGCGAAGCGCGAGATGTACTTCGTACCGAAATCACTACGCGGGCTGCCAATTGTTTTAAGGCGAGTCTACGCGCAGCGGCGAGACAAACACCCAACACCAAGTAGAGCTTGAAGGTACAAATGACGCTCGAACCGCCACGCACCACGGAAGACCACGGGGCGCATTGAGCGTTTA,Anguilla_anguilla
TTAAGTTCAGCGGGTAGCCCTACCTGATCCGAGGTCAAATTGACAATTGTTGTGCTCTAGCACGTATCCGCCGGGACTCTATAGCGTTAGATTTACTACCCCTAGGCACAGACAGTACCAACACCAAGTTTAGGTCCCCAGTACACCCCGCTCCTGAGTTCAAGGTGGGCATGCGATGTTAGCCTGCACCACCAACACGTCCAACCCTCACTCAAGCTAGTAAAACCAAGCACGGTTGAAAATTTAATGAC,Unknown_9
NGCACATTGCGCCCCTTGGTATTCCGAGGGGCATGCCTGTTCGAGCGTCATTACAACCCTCAAGCACTGCTTGGTGTTGGGCCTCGCCGGTTTTGGCGGGCCTTAAAATCAGTGGCGGTGCCGTCTGGGGTCTGAGCGTAGTAAATATCCTCGCTACGGGGACCCGGCGGGTTTTTTTCTTCACCCCCCACTTCTTTAGTTTTTCCCTCGGTCCGGGTGGGGTTACCCCCTTACTTTAACCTATCCTAAAC,Chlorella_vulgaris
CGCACATTGCGCCCGCTGGTATTCCGGCGGGCATGCCTGTTCGAGCGTCATTATGACCAATCAAGCTCTGCTTGTCCTTGGGGTCCGCTGTACTGGCGGCCCTTAAAATTAGTGGCGGACCCGTACGGGTTAATCTGAGTAAATCTTTTCTCTCTATCGTCCTCGTGGTTTTTTTCCCACACCCCCCATTTTCCTTTGGTTGACCTCCGATCATGTAGGGATACCCGCTGAACTTAAGCCTATCACTAAGC,Chlorella_vulgaris
CGCACCTTGCGCCCCTTGGTATTCCGAGGGGCATGCCTGTTCGAGCGTCATTATATTCTCTCCCTTCTTCCTTTTTCTTGGCTTCCGCTTGCTCTCGGTGCTTGGGATCTGTTGTCGTTCAGTCTGTCTTTAATCTAAGTACATTACTCGCATCTGTTGTGCACCGGTTCTTGGCCTGATACTTACCTATGCTTTGGTACTTTGAGACAAACTTATTAGAATCCCCTCATATCCGTCCTCCCGGACACCTA,Salmo_salar
CGCACATTGCGCCCCTTGGTATTCCGAGGGGCATGCCTGTTCGAGCGTCATTATAACCACTCAAGCTCACGCTTGGTATTGGGGTTCGCGTGCTCGCGGCTCTTAAAATCAGTGGCGTGGTCTGCTGGGCCTGAGTGCAGCCATTTGTTGCTGCGTTGTCAGCGCGATGATCATCTTCAAAAACCCCCCTTCTTTTTCCGGCTTGCATCCGGTGTGGGCTCGGTGCTCGCATACTGTCTTCCAATAACTTA,Salmo_salar
CGCACATTGCGCCCCCTGGTATTCCGGGGGGCATGCCTGTTCGAGCGTCATTACACCCATCAAGCCTAGCTTGATGTTGGGTCACGACCTGCCGTCAGTCCCCCTAGCTTTAGGCGTCTCCTACTGCCGGCGAGCGTAGCTAGCATTTTAGCTCCCTCGCTCCGCGTGTCCAATACGCGGCCCGCCCAAGGACCCCCACACTTCTGCAAGGTTTGCCCTCGGATCTGACGCGGATCCCTGCTCGACTTAAC,Unknown_7
CGCACATTGCGCCCTGTGGTATTCCGCAGGGCATGCCTGTTCGAGCGTCATTACAACCATCAAGCTTCGCTTGGTGTTGGGGCCTGCCCGCCCCGCCCCGCTCTAAAGAAAGAGCCGGACCCTCAGGTTCTACGCGTAGGAAATCATCTCGCTCCAGAGTCCCCCGGGTTACTTCCCAAAACCCCCTATTTTACGACGGCTTACGTCGAAGCAGGGAGTGACACCGGATGAAATTAAGCATATCAATAGGG,Unknown_7
CGCACATTGCGCCCCTTGGTATTCCGGGGGGCAAGCCTGTTCGAGCGTCATTTCAACCCTCAAGCCTAGCTTGGTCTTGGGCTCTGCCGGGAACGGCTGGCCTTAAAATCAGTGGCGGTGCCATCGAGCTCTACGCGTAGTAATTAAACCCTCGCGTGTGAGTCCCGGTGAGTGCTTGCCAGCAACCCCCAATTTTTATGGTTGACCTCGGATCAGGTAGGGATACCCGCTGAACTTAAGAATATCAATAA,Chlorella_vulgaris
CGCACATTGCGCCCCTTGGTATTCCGAGGGGCATGCCTGTTCGAGCGTCATTATGACCACTCAAGCCTGGCTTGGTGTTGGGGTGCGCGGTTTCGCGGCCCTTAAAACCTGTGGCGGCGCCATCTTGGCTCTAAGCGTAGTAATTCTTCTCGCTATAGGGTTCCGGTGGATGCTTGTCAGTAACCTTCCATCTCAAGGTTGACCTCGGATCAGGTAGGGACACCCGCTGAACTTAAGCATATCAATAAGCG,Chlorella_vulgaris
CGCACATTGCGCCCTATGGTATTCCGTAGGGCATGCCTGTTCGAGCGTCATTACAACCCATCAAGCCCTGGCTTGGTCTTGAGGCGTGCGGCTCCCGCAGCTTCTAAAATCAGTGGCGGTGCCCTCGAGCTCCGGGCGGAGTAAATACTCCTCGCTATAGGGGCTCGGTGGGTTACTTGCCAGCAACCCCCACTTTTATACTACGTTGGCCTCGGATCGGGTTGGGATACCCGCTGTACTTAAGCATATCA,Chlorella_vulgaris
CGCACATTGCGCCCCTTGGTATTCCATGGGGCATGCCTGTTCGAGCGTCATTTGTACCCTCAAGCTCTGCTTGGTGTTGGGCGTTTCTCTCTCCTCTGCGTGCAGTCTCGTCTTAAAACAATTGTCAGCCGTCGTATTGATTTCGGTGCGCAGCACATCTCACGCTTCGCACTCACAACGACGACGTCCAAAAGTACTTTTTTACACTCTTGACCTCGGATCAGGTAGGGATACCCGCTGACCTAACGCTT,Chlorella_vulgaris
CGCACATTGCGCCCCTTGGTATTCCGGGGGGCATGCCTGTTCGAGCGTCATTAATACCACTCCCTTCGGGGGTCTTGGGGCTTGGGATCTCCCAGCTCTTAAAATCAGTGGCGGTGGCTCCCGCCTCTAAGAGTCGTAGTTTTTCTCGCTATATTTCCCCCGGGGAGAACTGTCATCATCCCCCCACTTTTTATGTTGATCTCGCGGCAGGTAGGGGGATGCCCCGCTGTTACGCATATTAATAAGCAGAG,Unknown_8
CGCACCTTGCACCCTTTGGTATTCCGAAGGGTACGCCCGTTTGAGTGTCATTGTAATCTCACTACATTCGACCTTTTGGTCGTTTTGTATGTGGACTTGGATGCTGCCGTGATTTTCAATGGCTCGTCTGAAATGCCTGAGTGTAACCCCGCTTTGCGGCGTATTCGGTGTGATACATCTTCACCGGAGTTGATCTTTTCAGATCGCGTCTGTATGGTGTGGCTCTATGCTTTCCAACCGTCCCTCCATGG,Oncorhynchus_mykiss
CGCACATTGCACCCTCTGGTATTCCAGGGGGTATGCCTGTTCGAGCGTCATTACAACCCTCAAGCACTGCTTGGTATTGGATGTCACCGTTGGTGTATCTCAAAAGTATTAGCAGTAACATTCAGCTTCTAGCGTAGTAAATTTCTAGCTTTGGAGCTAAGTGTCTAATTGTTAGAACCTCTAATTTATCAAAGGTTGACCTCGGATCAGGTAGGGATACCCGCTGAACTTAAGCATATCAATAGCGGAGG,Anguilla_anguilla
CGCACATTGCGCCCCTTGGTATTCCGAGGGGCATGCCTGTTCGAGCGTCATTTCAACCCTTCAAGCCTCGTTTTGTATTGGGGTCCGCCGTCTCGCGGCCCTCAAATCCAGGGGCTGTTCCTTCTGGTCCCAACCGCGCGAAATCCTTTCTCTGTCGCGGGCCTGGGGGGCGTCCTGACAACACTCCACTCTTATGTTTGCCCTGGGCTCTGGGTGGGTCACCCCTTCACTTTAACCTAAATCATAACTGG,Unknown_9
